{
    "host": "gtirouter.dsic.upv.es",
    "manager": "manager_ebellob",
    "manager_password": "secret",
    "service": "service_ebellob",
    "service_password": "secret",
    "axis": [
        {
            "rank": "lider.BDILider",
            "name": "lider_axis_ebellob",
            "password": "secret",
            "asl": "bdileader.asl"
        },
		{
            "rank": "BDISoldier",
            "name": "axis_ebellob",
            "password": "secret",
            "amount": 1,
            "asl": "bdisoldier.asl"
        },
        {
            "rank": "BDIMedic",
            "name": "medic_axis_ebellob",
            "password": "secret",
            "asl": "bdimedic.asl"
        }
         
    ],
     "allied": [
		{
            "rank": "BDISoldier",
            "name": "allied_ebellob",
            "password": "secret",
            "amount": 8,
            "asl": "bdisoldier.asl"
        },
        {
            "rank": "BDIMedic",
            "name": "medic_allied_ebellob",
            "password": "secret",
            "asl": "bdimedic.asl"
        },
         {
            "rank": "BDIFieldOp",
            "name": "fieldop_allied_ebellob",
            "password": "secret",
            "asl": "bdifieldop.asl"
        }
   ]
  }
